[{
    "userName": "1509_5326_6",
    "url": "img/100_60_60.jpg",
    "message": "整部戏最精彩的就是开头吴京一脚踹飞那个驴锤子,同意的点个赞.",
    "time": 1551334186196,
    "praise": 2000
}, {
    "userName": "张三",
    "url": "img/100_60_60.jpg",
    "message": "整部戏最精彩的就是开头吴京一脚踹飞那个驴锤子,同意的点个赞.",
    "time": 1551330000196,
    "praise": 34
}, {
    "userName": "1509_5326_6",
    "url": "img/100_60_60.jpg",
    "message": "整部戏最精彩的就是开头吴京一脚踹飞那个驴锤子,同意的点个赞.",
    "time": 1551334180000,
    "praise": 2000
}, {
    "userName": "1509_5326_6",
    "url": "img/100_60_60.jpg",
    "message": "整部戏最精彩的就是开头吴京一脚踹飞那个驴锤子,同意的点个赞.",
    "time": 1551334111196,
    "praise": 2000
}, {
    "userName": "1509_5326_6",
    "url": "img/100_60_60.jpg",
    "message": "整部戏最精彩的就是开头吴京一脚踹飞那个驴锤子,同意的点个赞.",
    "time": 1531334186196,
    "praise": 2000
}, {
    "userName": "1509_5326_6",
    "url": "img/100_60_60.jpg",
    "message": "整部戏最精彩的就是开头吴京一脚踹飞那个驴锤子,同意的点个赞.",
    "time": 1451334186196,
    "praise": 2000
}]