{
    "films": [{
        "url": "img/51_270_360.jpg",
        "http": "http://shop.baofeng.com/product/detail-10433-223523-837047.html",
        "title": "撒坝味道",
        "message": "家的味道爱的味道",
        "type": 1,
        "txt": "高清",
        "grade": 9.3
    }, {
        "url": "img/51_270_360.jpg",
        "http": "http://shop.baofeng.com/product/detail-10433-223523-837047.html",
        "title": "撒坝味道",
        "message": "家的味道爱的味道",
        "type": 2,
        "txt": "超清",
        "grade": 10
    }, {
        "url": "img/51_270_360.jpg",
        "http": "http://shop.baofeng.com/product/detail-10433-223523-837047.html",
        "title": "撒坝味道",
        "message": "家的味道爱的味道",
        "type": 3,
        "txt": "标清",
        "grade": 9.3
    }, {
        "url": "img/51_270_360.jpg",
        "http": "http://shop.baofeng.com/product/detail-10433-223523-837047.html",
        "title": "撒坝味道",
        "message": "家的味道爱的味道",
        "type": 1,
        "txt": "高清",
        "grade": 8.3
    }, {
        "url": "img/51_270_360.jpg",
        "http": "http://shop.baofeng.com/product/detail-10433-223523-837047.html",
        "title": "撒坝味道",
        "message": "家的味道爱的味道",
        "type": 1,
        "txt": "高清",
        "grade": 9.3
    }, {
        "url": "img/51_270_360.jpg",
        "http": "http://shop.baofeng.com/product/detail-10433-223523-837047.html",
        "title": "撒坝味道",
        "message": "家的味道爱的味道",
        "type": 1,
        "txt": "高清",
        "grade": 9.3
    }, {
        "url": "img/51_270_360.jpg",
        "http": "http://shop.baofeng.com/product/detail-10433-223523-837047.html",
        "title": "撒坝味道",
        "message": "家的味道爱的味道",
        "type": 1,
        "txt": "高清",
        "grade": 9.3
    }, {
        "url": "img/51_270_360.jpg",
        "http": "http://shop.baofeng.com/product/detail-10433-223523-837047.html",
        "title": "撒坝味道",
        "message": "家的味道爱的味道",
        "type": 1,
        "txt": "高清",
        "grade": 9.3
    }, {
        "url": "img/51_270_360.jpg",
        "http": "http://shop.baofeng.com/product/detail-10433-223523-837047.html",
        "title": "撒坝味道",
        "message": "家的味道爱的味道",
        "type": 1,
        "txt": "高清",
        "grade": 9.3
    }, {
        "url": "img/51_270_360.jpg",
        "http": "http://shop.baofeng.com/product/detail-10433-223523-837047.html",
        "title": "撒坝味道",
        "message": "家的味道爱的味道",
        "type": 1,
        "txt": "高清",
        "grade": 9.3
    }]
}