[{
    "url": "img/240_180_1533800269.jpg",
    "title": "开封府1",
    "http": "http://www.baofeng.com/play/155/play-842155.html"
}, {
    "url": "img/240_180_1533800269.jpg",
    "title": "开封府2",
    "http": "http://www.baofeng.com/play/155/play-842155.html"
}, {
    "url": "img/240_180_1533800269.jpg",
    "title": "开封府3",
    "http": "http://www.baofeng.com/play/155/play-842155.html"
}, {
    "url": "img/240_180_1533800269.jpg",
    "title": "开封府4",
    "http": "http://www.baofeng.com/play/155/play-842155.html"
}, {
    "url": "img/240_180_1533800269.jpg",
    "title": "开封府5",
    "http": "http://www.baofeng.com/play/155/play-842155.html"
}, {
    "url": "img/240_180_1533800269.jpg",
    "title": "开封府6",
    "http": "http://www.baofeng.com/play/155/play-842155.html"
}]