[{
    "src": "img/51_180_240.jpg",
    "title": "摔跤吧!爸爸1",
    "message": "慈父与魔鬼教练自由切换",
    "grade": 9.3,
    "http": "http://www.baofeng.com/play/414/play-821914.html"
}, {
    "src": "img/51_180_240.jpg",
    "title": "摔跤吧!爸爸2",
    "message": "慈父与魔鬼教练自由切换",
    "grade": 8.3,
    "http": "http://www.baofeng.com/play/414/play-821914.html"
}, {
    "src": "img/51_180_240.jpg",
    "title": "摔跤吧!爸爸3",
    "message": "慈父与魔鬼教练自由切换",
    "grade": 9,
    "http": "http://www.baofeng.com/play/414/play-821914.html"
}, {
    "src": "img/51_180_240.jpg",
    "title": "摔跤吧!爸爸4",
    "message": "慈父与魔鬼教练自由切换",
    "grade": 6,
    "http": "http://www.baofeng.com/play/414/play-821914.html"
}, {
    "src": "img/51_180_240.jpg",
    "title": "摔跤吧!爸爸5",
    "message": "慈父与魔鬼教练自由切换",
    "grade": 7,
    "http": "http://www.baofeng.com/play/414/play-821914.html"
}, {
    "src": "img/51_180_240.jpg",
    "title": "摔跤吧!爸爸6",
    "message": "慈父与魔鬼教练自由切换",
    "grade": 9,
    "http": "http://www.baofeng.com/play/414/play-821914.html"
}]