[{
    "src": "img/52_200_150.jpg",
    "http": "http://www.baofeng.com/play/20/play-840520.html",
    "title": "龙泉沟1",
    "grade": 9.3
}, {
    "src": "img/52_200_150.jpg",
    "http": "http://www.baofeng.com/play/20/play-840520.html",
    "title": "龙泉沟2",
    "grade": 9.3
}, {
    "src": "img/52_200_150.jpg",
    "http": "http://www.baofeng.com/play/20/play-840520.html",
    "title": "龙泉沟3",
    "grade": 9.3
}, {
    "src": "img/52_200_150.jpg",
    "http": "http://www.baofeng.com/play/20/play-840520.html",
    "title": "龙泉沟4",
    "grade": 9.3
}, {
    "src": "img/52_200_150.jpg",
    "http": "http://www.baofeng.com/play/20/play-840520.html",
    "title": "龙泉沟5",
    "grade": 8
}, {
    "src": "img/52_200_150.jpg",
    "http": "http://www.baofeng.com/play/20/play-840520.html",
    "title": "龙泉沟6",
    "grade": 9.3
}, {
    "src": "img/52_200_150.jpg",
    "http": "http://www.baofeng.com/play/20/play-840520.html",
    "title": "龙泉沟7",
    "grade": 9.3
}, {
    "src": "img/52_200_150.jpg",
    "http": "http://www.baofeng.com/play/20/play-840520.html",
    "title": "龙泉沟8",
    "grade": 9.3
}, {
    "src": "img/52_200_150.jpg",
    "http": "http://www.baofeng.com/play/20/play-840520.html",
    "title": "龙泉沟9",
    "grade": 5
}, {
    "src": "img/52_200_150.jpg",
    "http": "http://www.baofeng.com/play/20/play-840520.html",
    "title": "龙泉沟10",
    "grade": 4
}]